{
  "task": "05_binary_gene_function",
  "dataset": "Gene_classification",
  "epochs": 30,
  "results": {
    "t1_fold1": {
      "accuracy": 0.788235294117647,
      "f1_macro": 0.5913461538461539
    },
    "t1_fold2": {
      "accuracy": 0.8372093023255814,
      "f1_macro": 0.7433930093776642
    },
    "t1_fold3": {
      "accuracy": 0.7976190476190477,
      "f1_macro": 0.6249014972419228
    },
    "t2_fold1": {
      "accuracy": 0.7619047619047619,
      "f1_macro": 0.6464646464646464
    },
    "t2_fold2": {
      "accuracy": 0.9047619047619048,
      "f1_macro": 0.8455882352941176
    },
    "t2_fold3": {
      "accuracy": 0.7222222222222222,
      "f1_macro": 0.5566502463054187
    },
    "t3_fold1": {
      "accuracy": 0.7666666666666667,
      "f1_macro": 0.7643097643097643
    },
    "t3_fold2": {
      "accuracy": 0.8709677419354839,
      "f1_macro": 0.8708333333333333
    },
    "t3_fold3": {
      "accuracy": 0.7,
      "f1_macro": 0.696969696969697
    }
  },
  "timestamp": "2026-04-10T19:02:22.266203"
}